{
    "name": "root",
    "metadata": {
        "timer_format_version": "0.1.0",
        "start_time_seconds": "1680537249",
        "python_version": "3.8.10 (tags/v3.8.10:3d8993a, May  3 2021, 11:48:03) [MSC v.1928 64 bit (AMD64)]",
        "command_line_arguments": "C:\\Repo\\ZombieAI\\ZombieAI\\venv\\Scripts\\mlagents-learn --force",
        "mlagents_version": "0.29.0",
        "mlagents_envs_version": "0.29.0",
        "communication_protocol_version": "1.5.0",
        "pytorch_version": "1.7.0+cu110",
        "numpy_version": "1.21.2",
        "end_time_seconds": "1680537471"
    },
    "total": 221.8431502,
    "count": 1,
    "self": 138.3350529,
    "children": {
        "run_training.setup": {
            "total": 0.03568170000000004,
            "count": 1,
            "self": 0.03568170000000004
        },
        "TrainerController.start_learning": {
            "total": 83.4724156,
            "count": 1,
            "self": 0.0017417000000108374,
            "children": {
                "TrainerController._reset_env": {
                    "total": 8.4356392,
                    "count": 1,
                    "self": 8.4356392
                },
                "TrainerController.advance": {
                    "total": 74.1195891,
                    "count": 1,
                    "self": 1.569999999162519e-05,
                    "children": {
                        "env_step": {
                            "total": 74.11957340000001,
                            "count": 1,
                            "self": 74.1195507,
                            "children": {
                                "SubprocessEnvManager._take_step": {
                                    "total": 2.27000000023736e-05,
                                    "count": 2,
                                    "self": 2.27000000023736e-05
                                }
                            }
                        }
                    }
                },
                "trainer_threads": {
                    "total": 1.1000000057492798e-06,
                    "count": 1,
                    "self": 1.1000000057492798e-06
                },
                "TrainerController._save_models": {
                    "total": 0.9154444999999924,
                    "count": 1,
                    "self": 0.03343329999999867,
                    "children": {
                        "RLTrainer._checkpoint": {
                            "total": 0.8820111999999938,
                            "count": 1,
                            "self": 0.8820111999999938
                        }
                    }
                }
            }
        }
    }
}