{
    "name": "root",
    "metadata": {
        "timer_format_version": "0.1.0",
        "start_time_seconds": "1669769007",
        "python_version": "3.8.10 (tags/v3.8.10:3d8993a, May  3 2021, 11:48:03) [MSC v.1928 64 bit (AMD64)]",
        "command_line_arguments": "C:\\Repo\\ZombieAI\\ZombieAI\\venv\\Scripts\\mlagents-learn --run-id=Test3",
        "mlagents_version": "0.29.0",
        "mlagents_envs_version": "0.29.0",
        "communication_protocol_version": "1.5.0",
        "pytorch_version": "1.7.0+cu101",
        "numpy_version": "1.21.2",
        "end_time_seconds": "1669769093"
    },
    "total": 86.4670443,
    "count": 1,
    "self": 0.00535449999999571,
    "children": {
        "run_training.setup": {
            "total": 0.03201760000000009,
            "count": 1,
            "self": 0.03201760000000009
        },
        "TrainerController.start_learning": {
            "total": 86.4296722,
            "count": 1,
            "self": 0.038201500000013766,
            "children": {
                "TrainerController._reset_env": {
                    "total": 6.0315365,
                    "count": 1,
                    "self": 6.0315365
                },
                "TrainerController.advance": {
                    "total": 80.00758919999998,
                    "count": 2331,
                    "self": 0.03940139999990322,
                    "children": {
                        "env_step": {
                            "total": 79.76829430000008,
                            "count": 2331,
                            "self": 75.2982164000002,
                            "children": {
                                "SubprocessEnvManager._take_step": {
                                    "total": 4.445835899999895,
                                    "count": 2331,
                                    "self": 0.12806589999994067,
                                    "children": {
                                        "TorchPolicy.evaluate": {
                                            "total": 4.317769999999954,
                                            "count": 2331,
                                            "self": 2.2259271999999237,
                                            "children": {
                                                "TorchPolicy.sample_actions": {
                                                    "total": 2.0918428000000304,
                                                    "count": 2331,
                                                    "self": 2.0918428000000304
                                                }
                                            }
                                        }
                                    }
                                },
                                "workers": {
                                    "total": 0.024241999999984998,
                                    "count": 2330,
                                    "self": 0.0,
                                    "children": {
                                        "worker_root": {
                                            "total": 18.704764700000002,
                                            "count": 2330,
                                            "is_parallel": true,
                                            "self": 7.926802000000002,
                                            "children": {
                                                "steps_from_proto": {
                                                    "total": 0.0003080999999998113,
                                                    "count": 1,
                                                    "is_parallel": true,
                                                    "self": 0.0001324000000000325,
                                                    "children": {
                                                        "_process_rank_one_or_two_observation": {
                                                            "total": 0.0001756999999997788,
                                                            "count": 2,
                                                            "is_parallel": true,
                                                            "self": 0.0001756999999997788
                                                        }
                                                    }
                                                },
                                                "UnityEnvironment.step": {
                                                    "total": 10.7776546,
                                                    "count": 2330,
                                                    "is_parallel": true,
                                                    "self": 0.15704060000004816,
                                                    "children": {
                                                        "UnityEnvironment._generate_step_input": {
                                                            "total": 0.13624319999996715,
                                                            "count": 2330,
                                                            "is_parallel": true,
                                                            "self": 0.13624319999996715
                                                        },
                                                        "communicator.exchange": {
                                                            "total": 10.04823390000006,
                                                            "count": 2330,
                                                            "is_parallel": true,
                                                            "self": 10.04823390000006
                                                        },
                                                        "steps_from_proto": {
                                                            "total": 0.43613689999992467,
                                                            "count": 2330,
                                                            "is_parallel": true,
                                                            "self": 0.2283535999999442,
                                                            "children": {
                                                                "_process_rank_one_or_two_observation": {
                                                                    "total": 0.20778329999998046,
                                                                    "count": 4660,
                                                                    "is_parallel": true,
                                                                    "self": 0.20778329999998046
                                                                }
                                                            }
                                                        }
                                                    }
                                                }
                                            }
                                        }
                                    }
                                }
                            }
                        },
                        "trainer_advance": {
                            "total": 0.19989350000000616,
                            "count": 2330,
                            "self": 0.04430359999994593,
                            "children": {
                                "process_trajectory": {
                                    "total": 0.15558990000006023,
                                    "count": 2330,
                                    "self": 0.15558990000006023
                                }
                            }
                        }
                    }
                },