{
    "name": "root",
    "metadata": {
        "timer_format_version": "0.1.0",
        "start_time_seconds": "1684192854",
        "python_version": "3.8.10 (tags/v3.8.10:3d8993a, May  3 2021, 11:48:03) [MSC v.1928 64 bit (AMD64)]",
        "command_line_arguments": "C:\\Repo\\ZombieAI\\ZombieAI\\venv\\Scripts\\mlagents-learn config\\AIWaveSpawner.yaml --run-id=TestParameters2",
        "mlagents_version": "0.29.0",
        "mlagents_envs_version": "0.29.0",
        "communication_protocol_version": "1.5.0",
        "pytorch_version": "2.0.0+cpu",
        "numpy_version": "1.21.2",
        "end_time_seconds": "1684192949"
    },
    "total": 95.37716209999999,
    "count": 1,
    "self": 0.006707399999982044,
    "children": {
        "run_training.setup": {
            "total": 0.09745150000000002,
            "count": 1,
            "self": 0.09745150000000002
        },
        "TrainerController.start_learning": {
            "total": 95.2730032,
            "count": 1,
            "self": 0.0004642999999902031,
            "children": {
                "TrainerController._reset_env": {
                    "total": 7.085329199999999,
                    "count": 1,
                    "self": 7.085329199999999
                },
                "TrainerController.advance": {
                    "total": 88.1020213,
                    "count": 1,
                    "self": 2.5800000003073364e-05,
                    "children": {
                        "env_step": {
                            "total": 88.1019955,
                            "count": 1,
                            "self": 88.1019783,
                            "children": {
                                "SubprocessEnvManager._take_step": {
                                    "total": 1.7200000000272553e-05,
                                    "count": 1,
                                    "self": 1.7200000000272553e-05
                                }
                            }
                        }
                    }
                },
                "trainer_threads": {
                    "total": 1.1000000057492798e-06,
                    "count": 1,
                    "self": 1.1000000057492798e-06
                },
                "TrainerController._save_models": {
                    "total": 0.08518730000000119,
                    "count": 1,
                    "self": 2.980000000718519e-05,
                    "children": {
                        "RLTrainer._checkpoint": {
                            "total": 0.085157499999994,
                            "count": 1,
                            "self": 0.085157499999994
                        }
                    }
                }
            }
        }
    }
}