{"count":1,"self":33.785356799999995,"total":81.8717228,"children":{"InitializeActuators":{"count":1,"self":0.0019998,"total":0.0019998,"children":null},"InitializeSensors":{"count":1,"self":0.002002,"total":0.002002,"children":null},"AgentSendState":{"count":50184,"self":0.1301567,"total":0.36187729999999996,"children":{"CollectObservations":{"count":10037,"self":0.019925699999999998,"total":0.019925699999999998,"children":null},"WriteActionMask":{"count":10037,"self":0.0099863,"total":0.0099863,"children":null},"RequestDecision":{"count":10037,"self":0.051927299999999996,"total":0.2018086,"children":{"AgentInfo.ToProto":{"count":10037,"self":0.0636579,"total":0.1498813,"children":{"GenerateSensorData":{"count":10037,"self":0.086223399999999992,"total":0.086223399999999992,"children":null}}}}}}},"DecideAction":{"count":50184,"self":47.529087999999994,"total":47.529088099999996,"children":null},"AgentAct":{"count":50184,"self":0.19139889999999998,"total":0.19139889999999998,"children":null}},"gauges":{},"metadata":{"timer_format_version":"0.1.0","start_time_seconds":"1669769308","unity_version":"2021.3.13f1","command_line_arguments":"C:\\Program Files\\Unity\\Hub\\Editor\\2021.3.13f1\\Editor\\Unity.exe -projectpath C:\\Repo\\ZombieAI\\ZombieAI -useHub -hubIPC -cloudEnvironment production -licensingIpc LicenseClient-Dorthion -hubSessionId 18be4780-703e-11ed-ba14-6990ede473ad","communication_protocol_version":"1.5.0","com.unity.ml-agents_version":"2.0.1","scene_name":"SampleScene","end_time_seconds":"1669769389"}}